timestamp,type,says,basketValueGross,overallBasketSavings,basketValueNet,numberOfItems,payment_type,payment_category,payment_amount,customerId,requestId
2024-06-20 12:45:53.378,IN_STORE,NA,3.4,1.65,3.4,3,AMERICAN EXPRESS,AMERICAN EXPRESS,3.4,trn:tesco:uid:uuid:d3145f0e-4538-4446-882a-faceb43ae79c,a4905a90-0ae0-4cf1-8920-e308845da937
2021-11-08 17:36:00.408,IN_STORE,NA,22.75,1.25,19.55,22,MastercardDebit,MastercardDebit,19.55,trn:tesco:uid:uuid:d3145f0e-4538-4446-882a-faceb43ae79c,a4905a90-0ae0-4cf1-8920-e308845da937
2023-01-31 18:03:17.345,IN_STORE,NA,53.19,,53.19,1,Amex,Amex,53.19,trn:tesco:uid:uuid:d3145f0e-4538-4446-882a-faceb43ae79c,a4905a90-0ae0-4cf1-8920-e308845da937
2024-07-08 20:39:30.089,IN_STORE,NA,3.46,,3.46,4,AMERICAN EXPRESS,AMERICAN EXPRESS,3.46,trn:tesco:uid:uuid:d3145f0e-4538-4446-882a-faceb43ae79c,a4905a90-0ae0-4cf1-8920-e308845da937
2024-12-03 13:44:02.208,IN_STORE,NA,17.12,1.4,17.12,6,AMERICAN EXPRESS,AMERICAN EXPRESS,17.12,trn:tesco:uid:uuid:d3145f0e-4538-4446-882a-faceb43ae79c,a4905a90-0ae0-4cf1-8920-e308845da937
2021-08-27 19:12:23.868,IN_STORE,NA,1.7,,1.7,1,MastercardDebit,MastercardDebit,1.7,trn:tesco:uid:uuid:d3145f0e-4538-4446-882a-faceb43ae79c,a4905a90-0ae0-4cf1-8920-e308845da937
2023-10-03 12:36:50.077,IN_STORE,NA,2.85,,2.85,3,Amex,Amex,2.85,trn:tesco:uid:uuid:d3145f0e-4538-4446-882a-faceb43ae79c,a4905a90-0ae0-4cf1-8920-e308845da937
2021-09-05 12:04:49.619,IN_STORE,NA,2.0,,2.0,1,MastercardDebit,MastercardDebit,2.0,trn:tesco:uid:uuid:d3145f0e-4538-4446-882a-faceb43ae79c,a4905a90-0ae0-4cf1-8920-e308845da937
2022-04-23 19:12:21.673,IN_STORE,NA,18.2,0.7,12.91,21,MastercardDebit,MastercardDebit,12.91,trn:tesco:uid:uuid:d3145f0e-4538-4446-882a-faceb43ae79c,a4905a90-0ae0-4cf1-8920-e308845da937
2022-03-29 20:27:19.972,IN_STORE,NA,15.0,3.0,12.0,1,VisaDebit,VisaDebit,12.0,trn:tesco:uid:uuid:d3145f0e-4538-4446-882a-faceb43ae79c,a4905a90-0ae0-4cf1-8920-e308845da937
2021-08-17 17:21:27.286,IN_STORE,NA,7.25,1.5,5.75,5,VisaDebit,VisaDebit,5.75,trn:tesco:uid:uuid:d3145f0e-4538-4446-882a-faceb43ae79c,a4905a90-0ae0-4cf1-8920-e308845da937
2024-05-02 10:00:22.245,IN_STORE,NA,21.0,1.0,21.0,6,Amex,Amex,21.0,trn:tesco:uid:uuid:d3145f0e-4538-4446-882a-faceb43ae79c,a4905a90-0ae0-4cf1-8920-e308845da937
2024-12-31 09:32:30.703,IN_STORE,NA,15.9,0.65,15.9,7,AMERICAN EXPRESS,AMERICAN EXPRESS,15.9,trn:tesco:uid:uuid:d3145f0e-4538-4446-882a-faceb43ae79c,a4905a90-0ae0-4cf1-8920-e308845da937
2025-03-16 14:51:14.167,IN_STORE,NA,1.4,,1.4,1,AMERICAN EXPRESS,AMERICAN EXPRESS,1.4,trn:tesco:uid:uuid:d3145f0e-4538-4446-882a-faceb43ae79c,a4905a90-0ae0-4cf1-8920-e308845da937
2023-06-30 13:18:53.703,IN_STORE,NA,7.35,2.0,7.35,6,Amex,Amex,7.35,trn:tesco:uid:uuid:d3145f0e-4538-4446-882a-faceb43ae79c,a4905a90-0ae0-4cf1-8920-e308845da937
2023-04-28 17:03:23.378,IN_STORE,NA,7.5,1.5,7.5,1,Amex,Amex,7.5,trn:tesco:uid:uuid:d3145f0e-4538-4446-882a-faceb43ae79c,a4905a90-0ae0-4cf1-8920-e308845da937
2021-08-05 19:41:17.860,IN_STORE,NA,3.1,,3.1,1,MastercardDebit,MastercardDebit,3.1,trn:tesco:uid:uuid:d3145f0e-4538-4446-882a-faceb43ae79c,a4905a90-0ae0-4cf1-8920-e308845da937
2021-08-13 20:29:48.941,IN_STORE,NA,23.75,4.95,15.14,14,MastercardDebit,MastercardDebit,15.14,trn:tesco:uid:uuid:d3145f0e-4538-4446-882a-faceb43ae79c,a4905a90-0ae0-4cf1-8920-e308845da937
2024-04-28 16:17:48.672,IN_STORE,NA,11.8,,11.8,8,Amex,Amex,11.8,trn:tesco:uid:uuid:d3145f0e-4538-4446-882a-faceb43ae79c,a4905a90-0ae0-4cf1-8920-e308845da937
2024-09-22 16:01:42.951,IN_STORE,NA,8.41,0.25,8.41,5,AMERICAN EXPRESS,AMERICAN EXPRESS,8.41,trn:tesco:uid:uuid:d3145f0e-4538-4446-882a-faceb43ae79c,a4905a90-0ae0-4cf1-8920-e308845da937
2022-03-04 17:17:44.479,IN_STORE,NA,28.25,3.42,18.93,16,MastercardDebit,MastercardDebit,18.93,trn:tesco:uid:uuid:d3145f0e-4538-4446-882a-faceb43ae79c,a4905a90-0ae0-4cf1-8920-e308845da937
2023-05-29 13:44:53.787,IN_STORE,NA,7.85,,7.85,4,Amex,Amex,7.85,trn:tesco:uid:uuid:d3145f0e-4538-4446-882a-faceb43ae79c,a4905a90-0ae0-4cf1-8920-e308845da937
2023-04-07 09:56:54.284,IN_STORE,NA,8.2,0.35,8.2,4,Amex,Amex,8.2,trn:tesco:uid:uuid:d3145f0e-4538-4446-882a-faceb43ae79c,a4905a90-0ae0-4cf1-8920-e308845da937
2022-06-02 19:03:01.822,IN_STORE,NA,7.33,1.5,5.83,3,MastercardDebit,MastercardDebit,5.83,trn:tesco:uid:uuid:d3145f0e-4538-4446-882a-faceb43ae79c,a4905a90-0ae0-4cf1-8920-e308845da937
2024-05-09 22:31:48.657,IN_STORE,NA,4.35,2.15,4.35,4,Amex,Amex,4.35,trn:tesco:uid:uuid:d3145f0e-4538-4446-882a-faceb43ae79c,a4905a90-0ae0-4cf1-8920-e308845da937
2024-04-26 21:06:16.010,IN_STORE,NA,6.65,,6.65,4,Amex,Amex,6.65,trn:tesco:uid:uuid:d3145f0e-4538-4446-882a-faceb43ae79c,a4905a90-0ae0-4cf1-8920-e308845da937
2024-03-05 19:41:13.423,IN_STORE,NA,3.2,,3.2,4,Amex,Amex,3.2,trn:tesco:uid:uuid:d3145f0e-4538-4446-882a-faceb43ae79c,a4905a90-0ae0-4cf1-8920-e308845da937
2021-08-14 18:12:54.910,IN_STORE,NA,22.3,4.5,17.8,4,MastercardDebit,MastercardDebit,17.8,trn:tesco:uid:uuid:d3145f0e-4538-4446-882a-faceb43ae79c,a4905a90-0ae0-4cf1-8920-e308845da937
2022-05-20 18:00:14.857,IN_STORE,NA,27.07,0.06,23.19,30,MastercardDebit,MastercardDebit,23.19,trn:tesco:uid:uuid:d3145f0e-4538-4446-882a-faceb43ae79c,a4905a90-0ae0-4cf1-8920-e308845da937
2025-01-08 15:44:39.930,IN_STORE,NA,4.65,2.35,4.65,4,AMERICAN EXPRESS,AMERICAN EXPRESS,4.65,trn:tesco:uid:uuid:d3145f0e-4538-4446-882a-faceb43ae79c,a4905a90-0ae0-4cf1-8920-e308845da937
2021-09-24 09:05:34.330,IN_STORE,NA,17.47,,17.47,14,MastercardDebit,MastercardDebit,17.47,trn:tesco:uid:uuid:d3145f0e-4538-4446-882a-faceb43ae79c,a4905a90-0ae0-4cf1-8920-e308845da937
2024-01-08 13:21:21.859,IN_STORE,NA,5.0,2.35,5.0,3,Amex,Amex,5.0,trn:tesco:uid:uuid:d3145f0e-4538-4446-882a-faceb43ae79c,a4905a90-0ae0-4cf1-8920-e308845da937
2024-08-02 17:58:18.182,IN_STORE,NA,13.52,,13.52,6,VisaDebit,VisaDebit,13.52,trn:tesco:uid:uuid:d3145f0e-4538-4446-882a-faceb43ae79c,a4905a90-0ae0-4cf1-8920-e308845da937
2024-01-02 13:20:29.937,IN_STORE,NA,13.36,,13.36,19,Amex,Amex,13.36,trn:tesco:uid:uuid:d3145f0e-4538-4446-882a-faceb43ae79c,a4905a90-0ae0-4cf1-8920-e308845da937
2022-06-24 13:33:19.645,IN_STORE,NA,11.2,2.2,11.2,9,MastercardDebit,MastercardDebit,11.2,trn:tesco:uid:uuid:d3145f0e-4538-4446-882a-faceb43ae79c,a4905a90-0ae0-4cf1-8920-e308845da937
2021-08-14 21:36:37.262,IN_STORE,NA,21.7,6.2,15.5,2,VisaCredit,VisaCredit,15.5,trn:tesco:uid:uuid:d3145f0e-4538-4446-882a-faceb43ae79c,a4905a90-0ae0-4cf1-8920-e308845da937
2021-07-22 19:17:22.234,IN_STORE,NA,0.65,,0.65,1,MastercardDebit,MastercardDebit,0.65,trn:tesco:uid:uuid:d3145f0e-4538-4446-882a-faceb43ae79c,a4905a90-0ae0-4cf1-8920-e308845da937
2022-06-13 20:50:39.250,IN_STORE,NA,1.08,,1.08,2,MastercardDebit,MastercardDebit,1.08,trn:tesco:uid:uuid:d3145f0e-4538-4446-882a-faceb43ae79c,a4905a90-0ae0-4cf1-8920-e308845da937
2025-01-26 19:21:21.128,IN_STORE,NA,13.05,0.5,13.05,5,AMERICAN EXPRESS,AMERICAN EXPRESS,13.05,trn:tesco:uid:uuid:d3145f0e-4538-4446-882a-faceb43ae79c,a4905a90-0ae0-4cf1-8920-e308845da937
2022-06-01 09:37:22.968,IN_STORE,NA,6.25,1.5,4.75,5,MastercardDebit,MastercardDebit,4.75,trn:tesco:uid:uuid:d3145f0e-4538-4446-882a-faceb43ae79c,a4905a90-0ae0-4cf1-8920-e308845da937
2022-03-25 14:56:43.060,IN_STORE,NA,5.55,1.01,3.85,4,MastercardDebit,MastercardDebit,3.46,trn:tesco:uid:uuid:d3145f0e-4538-4446-882a-faceb43ae79c,a4905a90-0ae0-4cf1-8920-e308845da937
2023-10-16 18:45:36.851,IN_STORE,NA,22.33,1.0,22.33,17,Amex,Amex,22.33,trn:tesco:uid:uuid:d3145f0e-4538-4446-882a-faceb43ae79c,a4905a90-0ae0-4cf1-8920-e308845da937
2024-09-14 10:25:02.403,IN_STORE,NA,20.9,3.8,20.9,12,AMERICAN EXPRESS,AMERICAN EXPRESS,20.9,trn:tesco:uid:uuid:d3145f0e-4538-4446-882a-faceb43ae79c,a4905a90-0ae0-4cf1-8920-e308845da937
2024-10-17 13:27:44.004,IN_STORE,NA,3.6,2.1,3.6,3,AMERICAN EXPRESS,AMERICAN EXPRESS,3.6,trn:tesco:uid:uuid:d3145f0e-4538-4446-882a-faceb43ae79c,a4905a90-0ae0-4cf1-8920-e308845da937
2024-05-31 18:45:13.466,IN_STORE,NA,9.9,2.0,9.9,2,Amex,Amex,9.9,trn:tesco:uid:uuid:d3145f0e-4538-4446-882a-faceb43ae79c,a4905a90-0ae0-4cf1-8920-e308845da937
2023-12-08 12:59:19.586,IN_STORE,NA,3.4,1.99,3.4,3,Amex,Amex,3.4,trn:tesco:uid:uuid:d3145f0e-4538-4446-882a-faceb43ae79c,a4905a90-0ae0-4cf1-8920-e308845da937
2025-01-07 14:08:37.795,IN_STORE,NA,3.6,2.55,3.6,3,AMERICAN EXPRESS,AMERICAN EXPRESS,3.6,trn:tesco:uid:uuid:d3145f0e-4538-4446-882a-faceb43ae79c,a4905a90-0ae0-4cf1-8920-e308845da937
2023-01-04 19:06:00.289,IN_STORE,NA,102.15,5.85,102.15,78,Amex,Amex,102.15,trn:tesco:uid:uuid:d3145f0e-4538-4446-882a-faceb43ae79c,a4905a90-0ae0-4cf1-8920-e308845da937
2022-02-24 19:43:59.593,IN_STORE,NA,2.05,,2.05,2,MastercardDebit,MastercardDebit,2.05,trn:tesco:uid:uuid:d3145f0e-4538-4446-882a-faceb43ae79c,a4905a90-0ae0-4cf1-8920-e308845da937
2024-05-06 16:25:50.801,IN_STORE,NA,26.26,,26.26,26,Amex,Amex,26.26,trn:tesco:uid:uuid:d3145f0e-4538-4446-882a-faceb43ae79c,a4905a90-0ae0-4cf1-8920-e308845da937
2022-05-29 17:52:59.590,IN_STORE,NA,20.9,0.8,18.46,14,MastercardDebit,MastercardDebit,18.46,trn:tesco:uid:uuid:d3145f0e-4538-4446-882a-faceb43ae79c,a4905a90-0ae0-4cf1-8920-e308845da937
2021-10-22 14:30:01.383,IN_STORE,NA,6.95,,6.95,4,MastercardDebit,MastercardDebit,6.95,trn:tesco:uid:uuid:d3145f0e-4538-4446-882a-faceb43ae79c,a4905a90-0ae0-4cf1-8920-e308845da937
2023-05-28 10:54:34.614,IN_STORE,NA,19.99,0.45,19.99,7,Amex,Amex,19.99,trn:tesco:uid:uuid:d3145f0e-4538-4446-882a-faceb43ae79c,a4905a90-0ae0-4cf1-8920-e308845da937
2023-01-11 12:58:39.166,IN_STORE,NA,6.02,0.7,6.02,4,Amex,Amex,6.02,trn:tesco:uid:uuid:d3145f0e-4538-4446-882a-faceb43ae79c,a4905a90-0ae0-4cf1-8920-e308845da937
2022-03-10 18:28:58.376,IN_STORE,NA,51.1,,51.1,1,VisaCredit,VisaCredit,51.1,trn:tesco:uid:uuid:d3145f0e-4538-4446-882a-faceb43ae79c,a4905a90-0ae0-4cf1-8920-e308845da937
2024-01-13 17:45:03.602,IN_STORE,NA,2.09,0.41,2.09,3,Amex,Amex,2.09,trn:tesco:uid:uuid:d3145f0e-4538-4446-882a-faceb43ae79c,a4905a90-0ae0-4cf1-8920-e308845da937
2024-11-19 12:30:59.192,IN_STORE,NA,4.7,2.7,4.7,4,AMERICAN EXPRESS,AMERICAN EXPRESS,4.7,trn:tesco:uid:uuid:d3145f0e-4538-4446-882a-faceb43ae79c,a4905a90-0ae0-4cf1-8920-e308845da937
2023-11-26 19:45:58.026,IN_STORE,NA,6.8,,6.8,3,Amex,Amex,6.8,trn:tesco:uid:uuid:d3145f0e-4538-4446-882a-faceb43ae79c,a4905a90-0ae0-4cf1-8920-e308845da937
2025-03-01 20:34:13.392,IN_STORE,NA,3.6,2.3,3.6,3,AMERICAN EXPRESS,AMERICAN EXPRESS,3.6,trn:tesco:uid:uuid:d3145f0e-4538-4446-882a-faceb43ae79c,a4905a90-0ae0-4cf1-8920-e308845da937
2023-04-11 14:13:35.432,IN_STORE,NA,34.21,,34.21,1,Amex,Amex,34.21,trn:tesco:uid:uuid:d3145f0e-4538-4446-882a-faceb43ae79c,a4905a90-0ae0-4cf1-8920-e308845da937
2023-06-05 16:57:46.951,IN_STORE,NA,2.5,,2.5,1,Amex,Amex,2.5,trn:tesco:uid:uuid:d3145f0e-4538-4446-882a-faceb43ae79c,a4905a90-0ae0-4cf1-8920-e308845da937
2024-01-15 18:38:40.292,IN_STORE,NA,9.9,1.35,9.9,3,Amex,Amex,9.9,trn:tesco:uid:uuid:d3145f0e-4538-4446-882a-faceb43ae79c,a4905a90-0ae0-4cf1-8920-e308845da937
2022-03-10 18:34:28.352,IN_STORE,NA,16.5,2.0,14.5,2,MastercardDebit,MastercardDebit,14.5,trn:tesco:uid:uuid:d3145f0e-4538-4446-882a-faceb43ae79c,a4905a90-0ae0-4cf1-8920-e308845da937
2022-07-28 15:58:01.145,IN_STORE,NA,6.1,1.75,6.1,5,MastercardDebit,MastercardDebit,6.1,trn:tesco:uid:uuid:d3145f0e-4538-4446-882a-faceb43ae79c,a4905a90-0ae0-4cf1-8920-e308845da937
2023-11-08 12:48:54.309,IN_STORE,NA,3.4,2.15,3.4,3,Amex,Amex,3.4,trn:tesco:uid:uuid:d3145f0e-4538-4446-882a-faceb43ae79c,a4905a90-0ae0-4cf1-8920-e308845da937
2022-07-29 11:56:19.342,IN_STORE,NA,63.13,,63.13,1,MastercardDebit,MastercardDebit,63.13,trn:tesco:uid:uuid:d3145f0e-4538-4446-882a-faceb43ae79c,a4905a90-0ae0-4cf1-8920-e308845da937
2021-07-20 13:08:12.742,IN_STORE,NA,11.25,2.0,8.95,6,MastercardDebit,MastercardDebit,8.95,trn:tesco:uid:uuid:d3145f0e-4538-4446-882a-faceb43ae79c,a4905a90-0ae0-4cf1-8920-e308845da937
2025-02-13 16:12:00.723,IN_STORE,NA,52.7,2.2,52.7,7,other,other,35.0,trn:tesco:uid:uuid:d3145f0e-4538-4446-882a-faceb43ae79c,a4905a90-0ae0-4cf1-8920-e308845da937
2021-09-04 18:16:25.604,IN_STORE,NA,8.3,1.25,6.55,4,MastercardDebit,MastercardDebit,6.55,trn:tesco:uid:uuid:d3145f0e-4538-4446-882a-faceb43ae79c,a4905a90-0ae0-4cf1-8920-e308845da937
2023-02-03 18:52:17.725,IN_STORE,NA,27.81,2.11,27.81,18,Amex,Amex,27.81,trn:tesco:uid:uuid:d3145f0e-4538-4446-882a-faceb43ae79c,a4905a90-0ae0-4cf1-8920-e308845da937
2023-11-12 15:45:53.638,IN_STORE,NA,13.85,0.35,13.85,8,Amex,Amex,13.85,trn:tesco:uid:uuid:d3145f0e-4538-4446-882a-faceb43ae79c,a4905a90-0ae0-4cf1-8920-e308845da937
2024-11-23 09:30:10.870,IN_STORE,NA,4.96,,4.96,2,AMERICAN EXPRESS,AMERICAN EXPRESS,4.96,trn:tesco:uid:uuid:d3145f0e-4538-4446-882a-faceb43ae79c,a4905a90-0ae0-4cf1-8920-e308845da937
2024-02-03 13:36:03.954,IN_STORE,NA,22.95,1.25,22.95,20,Amex,Amex,22.95,trn:tesco:uid:uuid:d3145f0e-4538-4446-882a-faceb43ae79c,a4905a90-0ae0-4cf1-8920-e308845da937
2021-08-07 14:16:07.177,IN_STORE,NA,14.51,2.75,11.76,6,MastercardDebit,MastercardDebit,11.76,trn:tesco:uid:uuid:d3145f0e-4538-4446-882a-faceb43ae79c,a4905a90-0ae0-4cf1-8920-e308845da937
2024-11-24 15:10:29.413,IN_STORE,NA,53.48,9.75,53.48,24,AMERICAN EXPRESS,AMERICAN EXPRESS,53.48,trn:tesco:uid:uuid:d3145f0e-4538-4446-882a-faceb43ae79c,a4905a90-0ae0-4cf1-8920-e308845da937
2021-08-12 21:55:44.798,IN_STORE,NA,25.88,0.35,25.53,29,MastercardDebit,MastercardDebit,25.53,trn:tesco:uid:uuid:d3145f0e-4538-4446-882a-faceb43ae79c,a4905a90-0ae0-4cf1-8920-e308845da937
2021-07-27 17:45:39.511,IN_STORE,NA,27.76,,27.76,1,MastercardDebit,MastercardDebit,27.76,trn:tesco:uid:uuid:d3145f0e-4538-4446-882a-faceb43ae79c,a4905a90-0ae0-4cf1-8920-e308845da937
2021-09-18 13:58:03.592,IN_STORE,NA,23.8,3.8,18.95,6,VisaDebit,VisaDebit,18.95,trn:tesco:uid:uuid:d3145f0e-4538-4446-882a-faceb43ae79c,a4905a90-0ae0-4cf1-8920-e308845da937
2022-11-07 17:55:16.154,IN_STORE,NA,37.85,,37.85,1,VisaDebit,VisaDebit,37.85,trn:tesco:uid:uuid:d3145f0e-4538-4446-882a-faceb43ae79c,a4905a90-0ae0-4cf1-8920-e308845da937
2022-08-10 18:37:17.230,IN_STORE,NA,2.81,,2.81,3,MastercardDebit,MastercardDebit,2.81,trn:tesco:uid:uuid:d3145f0e-4538-4446-882a-faceb43ae79c,a4905a90-0ae0-4cf1-8920-e308845da937
2024-01-16 07:18:59.973,IN_STORE,NA,5.6,1.9,5.6,5,Amex,Amex,5.6,trn:tesco:uid:uuid:d3145f0e-4538-4446-882a-faceb43ae79c,a4905a90-0ae0-4cf1-8920-e308845da937
2024-08-29 12:48:11.136,IN_STORE,NA,3.6,1.7,3.6,3,AMERICAN EXPRESS,AMERICAN EXPRESS,3.6,trn:tesco:uid:uuid:d3145f0e-4538-4446-882a-faceb43ae79c,a4905a90-0ae0-4cf1-8920-e308845da937
2023-07-04 20:17:22.959,IN_STORE,NA,5.0,,5.0,2,Amex,Amex,5.0,trn:tesco:uid:uuid:d3145f0e-4538-4446-882a-faceb43ae79c,a4905a90-0ae0-4cf1-8920-e308845da937
2024-01-18 13:08:07.706,IN_STORE,NA,3.4,1.6,3.4,3,Amex,Amex,3.4,trn:tesco:uid:uuid:d3145f0e-4538-4446-882a-faceb43ae79c,a4905a90-0ae0-4cf1-8920-e308845da937
2023-04-20 18:27:54.973,IN_STORE,NA,16.95,,16.95,14,Amex,Amex,16.95,trn:tesco:uid:uuid:d3145f0e-4538-4446-882a-faceb43ae79c,a4905a90-0ae0-4cf1-8920-e308845da937
2023-03-30 19:17:24.335,IN_STORE,NA,21.31,0.8,21.31,17,Amex,Amex,21.31,trn:tesco:uid:uuid:d3145f0e-4538-4446-882a-faceb43ae79c,a4905a90-0ae0-4cf1-8920-e308845da937
2025-03-12 12:24:32.300,IN_STORE,NA,3.6,1.75,3.6,3,AMERICAN EXPRESS,AMERICAN EXPRESS,3.6,trn:tesco:uid:uuid:d3145f0e-4538-4446-882a-faceb43ae79c,a4905a90-0ae0-4cf1-8920-e308845da937
2021-10-16 19:02:29.335,IN_STORE,NA,26.5,3.5,23.0,4,MastercardDebit,MastercardDebit,23.0,trn:tesco:uid:uuid:d3145f0e-4538-4446-882a-faceb43ae79c,a4905a90-0ae0-4cf1-8920-e308845da937
2024-06-22 16:11:15.620,IN_STORE,NA,5.75,,5.75,1,AMERICAN EXPRESS,AMERICAN EXPRESS,5.75,trn:tesco:uid:uuid:d3145f0e-4538-4446-882a-faceb43ae79c,a4905a90-0ae0-4cf1-8920-e308845da937
2021-08-31 13:32:47.779,IN_STORE,NA,4.05,1.05,3.0,3,MastercardDebit,MastercardDebit,3.0,trn:tesco:uid:uuid:d3145f0e-4538-4446-882a-faceb43ae79c,a4905a90-0ae0-4cf1-8920-e308845da937
2024-12-12 21:10:24.412,IN_STORE,NA,8.0,2.0,8.0,2,AMERICAN EXPRESS,AMERICAN EXPRESS,8.0,trn:tesco:uid:uuid:d3145f0e-4538-4446-882a-faceb43ae79c,a4905a90-0ae0-4cf1-8920-e308845da937
2024-04-29 16:14:57.361,IN_STORE,NA,1.27,,1.27,2,Amex,Amex,1.27,trn:tesco:uid:uuid:d3145f0e-4538-4446-882a-faceb43ae79c,a4905a90-0ae0-4cf1-8920-e308845da937
2021-08-06 19:32:43.094,IN_STORE,NA,30.07,,30.07,1,MastercardDebit,MastercardDebit,30.07,trn:tesco:uid:uuid:d3145f0e-4538-4446-882a-faceb43ae79c,a4905a90-0ae0-4cf1-8920-e308845da937
2022-01-16 14:24:15.331,IN_STORE,NA,4.75,,4.63,4,MastercardDebit,MastercardDebit,4.63,trn:tesco:uid:uuid:d3145f0e-4538-4446-882a-faceb43ae79c,a4905a90-0ae0-4cf1-8920-e308845da937
2024-10-01 18:31:56.894,IN_STORE,NA,16.62,,16.62,15,AMERICAN EXPRESS,AMERICAN EXPRESS,16.62,trn:tesco:uid:uuid:d3145f0e-4538-4446-882a-faceb43ae79c,a4905a90-0ae0-4cf1-8920-e308845da937
2024-02-04 15:22:27.739,IN_STORE,NA,3.6,0.3,3.6,3,Amex,Amex,3.6,trn:tesco:uid:uuid:d3145f0e-4538-4446-882a-faceb43ae79c,a4905a90-0ae0-4cf1-8920-e308845da937
2022-06-03 12:38:02.626,IN_STORE,NA,3.95,0.95,3.0,3,MastercardDebit,MastercardDebit,3.0,trn:tesco:uid:uuid:d3145f0e-4538-4446-882a-faceb43ae79c,a4905a90-0ae0-4cf1-8920-e308845da937
2023-10-11 20:47:14.234,IN_STORE,NA,2.25,,2.25,3,Amex,Amex,2.25,trn:tesco:uid:uuid:d3145f0e-4538-4446-882a-faceb43ae79c,a4905a90-0ae0-4cf1-8920-e308845da937
2021-10-19 17:41:17.815,IN_STORE,NA,22.5,,19.79,16,MastercardDebit,MastercardDebit,19.79,trn:tesco:uid:uuid:d3145f0e-4538-4446-882a-faceb43ae79c,a4905a90-0ae0-4cf1-8920-e308845da937
2024-09-24 09:21:30.680,IN_STORE,NA,10.7,,10.7,6,AMERICAN EXPRESS,AMERICAN EXPRESS,10.7,trn:tesco:uid:uuid:d3145f0e-4538-4446-882a-faceb43ae79c,a4905a90-0ae0-4cf1-8920-e308845da937
2023-06-26 17:43:22.033,IN_STORE,NA,9.24,,9.24,7,Amex,Amex,9.24,trn:tesco:uid:uuid:d3145f0e-4538-4446-882a-faceb43ae79c,a4905a90-0ae0-4cf1-8920-e308845da937
2024-01-14 17:23:54.794,IN_STORE,NA,20.22,,20.22,23,Amex,Amex,20.22,trn:tesco:uid:uuid:d3145f0e-4538-4446-882a-faceb43ae79c,a4905a90-0ae0-4cf1-8920-e308845da937
2022-07-06 13:01:22.842,IN_STORE,NA,3.75,,3.75,4,MastercardDebit,MastercardDebit,3.75,trn:tesco:uid:uuid:d3145f0e-4538-4446-882a-faceb43ae79c,a4905a90-0ae0-4cf1-8920-e308845da937
2024-09-06 18:37:46.066,IN_STORE,NA,50.49,4.35,50.49,21,MasterCard,MasterCard,50.49,trn:tesco:uid:uuid:d3145f0e-4538-4446-882a-faceb43ae79c,a4905a90-0ae0-4cf1-8920-e308845da937
2021-09-18 18:46:24.215,IN_STORE,NA,18.2,,18.2,5,MastercardDebit,MastercardDebit,18.2,trn:tesco:uid:uuid:d3145f0e-4538-4446-882a-faceb43ae79c,a4905a90-0ae0-4cf1-8920-e308845da937
2021-08-04 20:37:15.781,IN_STORE,NA,10.4,,9.91,5,MastercardDebit,MastercardDebit,9.91,trn:tesco:uid:uuid:d3145f0e-4538-4446-882a-faceb43ae79c,a4905a90-0ae0-4cf1-8920-e308845da937
2022-01-30 15:32:54.208,IN_STORE,NA,36.85,1.31,35.22,40,MastercardDebit,MastercardDebit,35.22,trn:tesco:uid:uuid:d3145f0e-4538-4446-882a-faceb43ae79c,a4905a90-0ae0-4cf1-8920-e308845da937
2023-03-08 13:01:31.807,IN_STORE,NA,3.4,2.85,3.4,3,VisaDebit,VisaDebit,3.4,trn:tesco:uid:uuid:d3145f0e-4538-4446-882a-faceb43ae79c,a4905a90-0ae0-4cf1-8920-e308845da937
2022-03-02 16:21:00.159,IN_STORE,NA,26.85,2.95,22.17,30,MastercardDebit,MastercardDebit,22.17,trn:tesco:uid:uuid:d3145f0e-4538-4446-882a-faceb43ae79c,a4905a90-0ae0-4cf1-8920-e308845da937
2021-08-14 18:14:12.483,IN_STORE,NA,15.75,2.5,13.25,4,MastercardDebit,MastercardDebit,13.25,trn:tesco:uid:uuid:d3145f0e-4538-4446-882a-faceb43ae79c,a4905a90-0ae0-4cf1-8920-e308845da937
2022-05-23 09:33:23.344,IN_STORE,NA,27.56,,27.56,8,MastercardDebit,MastercardDebit,27.56,trn:tesco:uid:uuid:d3145f0e-4538-4446-882a-faceb43ae79c,a4905a90-0ae0-4cf1-8920-e308845da937
2024-10-05 22:17:19.200,IN_STORE,NA,3.21,1.89,3.21,3,AMERICAN EXPRESS,AMERICAN EXPRESS,3.21,trn:tesco:uid:uuid:d3145f0e-4538-4446-882a-faceb43ae79c,a4905a90-0ae0-4cf1-8920-e308845da937
2024-07-04 12:24:39.523,IN_STORE,NA,3.4,1.8,3.4,3,AMERICAN EXPRESS,AMERICAN EXPRESS,3.4,trn:tesco:uid:uuid:d3145f0e-4538-4446-882a-faceb43ae79c,a4905a90-0ae0-4cf1-8920-e308845da937
2024-12-21 23:43:29.741,IN_STORE,NA,0.78,,0.78,2,AMERICAN EXPRESS,AMERICAN EXPRESS,0.78,trn:tesco:uid:uuid:d3145f0e-4538-4446-882a-faceb43ae79c,a4905a90-0ae0-4cf1-8920-e308845da937
2024-09-17 12:55:37.013,IN_STORE,NA,17.18,2.4,17.18,12,AMERICAN EXPRESS,AMERICAN EXPRESS,17.18,trn:tesco:uid:uuid:d3145f0e-4538-4446-882a-faceb43ae79c,a4905a90-0ae0-4cf1-8920-e308845da937
2021-09-18 13:57:09.574,IN_STORE,NA,14.02,1.85,12.17,7,MastercardDebit,MastercardDebit,12.17,trn:tesco:uid:uuid:d3145f0e-4538-4446-882a-faceb43ae79c,a4905a90-0ae0-4cf1-8920-e308845da937
2024-07-18 12:30:57.847,IN_STORE,NA,3.4,2.6,3.4,3,AMERICAN EXPRESS,AMERICAN EXPRESS,3.4,trn:tesco:uid:uuid:d3145f0e-4538-4446-882a-faceb43ae79c,a4905a90-0ae0-4cf1-8920-e308845da937
2023-04-30 13:44:25.843,IN_STORE,NA,3.53,,3.53,4,Amex,Amex,3.53,trn:tesco:uid:uuid:d3145f0e-4538-4446-882a-faceb43ae79c,a4905a90-0ae0-4cf1-8920-e308845da937
2025-02-23 14:33:11.908,IN_STORE,NA,56.05,,56.05,1,Amex,Amex,56.05,trn:tesco:uid:uuid:d3145f0e-4538-4446-882a-faceb43ae79c,a4905a90-0ae0-4cf1-8920-e308845da937
2022-03-11 15:41:54.544,IN_STORE,NA,14.6,1.0,12.05,8,MastercardDebit,MastercardDebit,12.05,trn:tesco:uid:uuid:d3145f0e-4538-4446-882a-faceb43ae79c,a4905a90-0ae0-4cf1-8920-e308845da937
2023-07-12 12:59:46.320,IN_STORE,NA,3.4,2.5,3.4,3,Amex,Amex,3.4,trn:tesco:uid:uuid:d3145f0e-4538-4446-882a-faceb43ae79c,a4905a90-0ae0-4cf1-8920-e308845da937
2022-07-12 11:55:59.673,IN_STORE,NA,3.0,2.8,3.0,3,MastercardDebit,MastercardDebit,3.0,trn:tesco:uid:uuid:d3145f0e-4538-4446-882a-faceb43ae79c,a4905a90-0ae0-4cf1-8920-e308845da937
2022-01-21 13:19:52.787,IN_STORE,NA,21.0,1.3,19.7,21,MastercardDebit,MastercardDebit,19.7,trn:tesco:uid:uuid:d3145f0e-4538-4446-882a-faceb43ae79c,a4905a90-0ae0-4cf1-8920-e308845da937
2023-02-18 13:26:17.367,IN_STORE,NA,14.95,1.85,14.95,6,VisaDebit,VisaDebit,14.95,trn:tesco:uid:uuid:d3145f0e-4538-4446-882a-faceb43ae79c,a4905a90-0ae0-4cf1-8920-e308845da937
2023-02-18 14:17:58.762,IN_STORE,NA,4.25,1.65,4.25,3,Amex,Amex,4.25,trn:tesco:uid:uuid:d3145f0e-4538-4446-882a-faceb43ae79c,a4905a90-0ae0-4cf1-8920-e308845da937
2023-06-05 16:53:49.566,IN_STORE,NA,2.6,,2.6,2,Amex,Amex,2.6,trn:tesco:uid:uuid:d3145f0e-4538-4446-882a-faceb43ae79c,a4905a90-0ae0-4cf1-8920-e308845da937
2025-02-12 14:20:27.365,IN_STORE,NA,34.42,4.45,34.42,19,AMERICAN EXPRESS,AMERICAN EXPRESS,34.42,trn:tesco:uid:uuid:d3145f0e-4538-4446-882a-faceb43ae79c,a4905a90-0ae0-4cf1-8920-e308845da937
2022-02-11 20:11:30.593,IN_STORE,NA,31.55,,28.93,28,MastercardDebit,MastercardDebit,28.93,trn:tesco:uid:uuid:d3145f0e-4538-4446-882a-faceb43ae79c,a4905a90-0ae0-4cf1-8920-e308845da937
2021-08-29 10:51:13.845,IN_STORE,NA,41.44,6.5,34.94,10,MastercardDebit,MastercardDebit,34.94,trn:tesco:uid:uuid:d3145f0e-4538-4446-882a-faceb43ae79c,a4905a90-0ae0-4cf1-8920-e308845da937
2023-01-02 13:42:25.823,IN_STORE,NA,48.07,,48.07,1,Amex,Amex,48.07,trn:tesco:uid:uuid:d3145f0e-4538-4446-882a-faceb43ae79c,a4905a90-0ae0-4cf1-8920-e308845da937
2023-12-11 15:17:53.135,IN_STORE,NA,10.77,,10.77,16,Amex,Amex,10.77,trn:tesco:uid:uuid:d3145f0e-4538-4446-882a-faceb43ae79c,a4905a90-0ae0-4cf1-8920-e308845da937
2021-07-13 18:36:44.345,IN_STORE,NA,36.57,7.5,29.07,6,MastercardDebit,MastercardDebit,29.07,trn:tesco:uid:uuid:d3145f0e-4538-4446-882a-faceb43ae79c,a4905a90-0ae0-4cf1-8920-e308845da937
2024-05-31 21:23:53.465,IN_STORE,NA,0.95,,0.95,1,Amex,Amex,0.95,trn:tesco:uid:uuid:d3145f0e-4538-4446-882a-faceb43ae79c,a4905a90-0ae0-4cf1-8920-e308845da937
2022-07-01 19:23:48.357,IN_STORE,NA,10.91,,10.91,6,MastercardDebit,MastercardDebit,10.91,trn:tesco:uid:uuid:d3145f0e-4538-4446-882a-faceb43ae79c,a4905a90-0ae0-4cf1-8920-e308845da937
2024-07-13 19:44:03.981,IN_STORE,NA,2.3,,2.3,1,AMERICAN EXPRESS,AMERICAN EXPRESS,2.3,trn:tesco:uid:uuid:d3145f0e-4538-4446-882a-faceb43ae79c,a4905a90-0ae0-4cf1-8920-e308845da937
2023-02-14 18:24:12.611,IN_STORE,NA,34.86,0.25,34.86,19,Amex,Amex,34.86,trn:tesco:uid:uuid:d3145f0e-4538-4446-882a-faceb43ae79c,a4905a90-0ae0-4cf1-8920-e308845da937
2023-09-24 19:04:05.105,IN_STORE,NA,2.35,,2.35,2,Amex,Amex,2.35,trn:tesco:uid:uuid:d3145f0e-4538-4446-882a-faceb43ae79c,a4905a90-0ae0-4cf1-8920-e308845da937
2021-07-28 10:57:35.320,IN_STORE,NA,4.25,1.25,3.0,3,MastercardDebit,MastercardDebit,3.0,trn:tesco:uid:uuid:d3145f0e-4538-4446-882a-faceb43ae79c,a4905a90-0ae0-4cf1-8920-e308845da937
2024-11-01 13:07:45.773,IN_STORE,NA,7.2,2.8,7.2,6,AMERICAN EXPRESS,AMERICAN EXPRESS,7.2,trn:tesco:uid:uuid:d3145f0e-4538-4446-882a-faceb43ae79c,a4905a90-0ae0-4cf1-8920-e308845da937
2022-06-28 16:56:36.412,IN_STORE,NA,10.5,1.0,10.5,2,MastercardDebit,MastercardDebit,10.5,trn:tesco:uid:uuid:d3145f0e-4538-4446-882a-faceb43ae79c,a4905a90-0ae0-4cf1-8920-e308845da937
2022-04-06 10:58:58.884,IN_STORE,NA,0.69,,0.69,1,MastercardDebit,MastercardDebit,0.69,trn:tesco:uid:uuid:d3145f0e-4538-4446-882a-faceb43ae79c,a4905a90-0ae0-4cf1-8920-e308845da937
2024-09-20 13:13:09.769,IN_STORE,NA,7.81,0.35,7.81,8,AMERICAN EXPRESS,AMERICAN EXPRESS,7.81,trn:tesco:uid:uuid:d3145f0e-4538-4446-882a-faceb43ae79c,a4905a90-0ae0-4cf1-8920-e308845da937
2022-04-10 12:55:57.409,IN_STORE,NA,37.97,1.25,21.62,16,VisaCredit,VisaCredit,21.62,trn:tesco:uid:uuid:d3145f0e-4538-4446-882a-faceb43ae79c,a4905a90-0ae0-4cf1-8920-e308845da937
2021-09-28 15:52:37.940,IN_STORE,NA,22.36,2.4,17.6,21,MastercardDebit,MastercardDebit,17.6,trn:tesco:uid:uuid:d3145f0e-4538-4446-882a-faceb43ae79c,a4905a90-0ae0-4cf1-8920-e308845da937
2021-07-28 14:26:28.403,IN_STORE,NA,6.7,1.7,5.0,3,MastercardDebit,MastercardDebit,5.0,trn:tesco:uid:uuid:d3145f0e-4538-4446-882a-faceb43ae79c,a4905a90-0ae0-4cf1-8920-e308845da937
2021-12-04 17:19:36.555,IN_STORE,NA,7.15,,5.05,5,MastercardDebit,MastercardDebit,5.05,trn:tesco:uid:uuid:d3145f0e-4538-4446-882a-faceb43ae79c,a4905a90-0ae0-4cf1-8920-e308845da937
2021-07-30 20:07:45.277,IN_STORE,NA,31.91,3.27,27.79,25,MastercardDebit,MastercardDebit,27.79,trn:tesco:uid:uuid:d3145f0e-4538-4446-882a-faceb43ae79c,a4905a90-0ae0-4cf1-8920-e308845da937
2024-11-23 09:28:22.997,IN_STORE,NA,17.0,0.5,17.0,7,AMERICAN EXPRESS,AMERICAN EXPRESS,17.0,trn:tesco:uid:uuid:d3145f0e-4538-4446-882a-faceb43ae79c,a4905a90-0ae0-4cf1-8920-e308845da937
2022-03-26 18:12:14.481,IN_STORE,NA,3.54,,3.54,3,MastercardDebit,MastercardDebit,3.54,trn:tesco:uid:uuid:d3145f0e-4538-4446-882a-faceb43ae79c,a4905a90-0ae0-4cf1-8920-e308845da937
2021-12-22 18:23:35.379,IN_STORE,NA,20.45,3.9,16.55,9,MastercardDebit,MastercardDebit,16.55,trn:tesco:uid:uuid:d3145f0e-4538-4446-882a-faceb43ae79c,a4905a90-0ae0-4cf1-8920-e308845da937
2023-11-20 11:46:12.000,IN_STORE,NA,38.64,9.0,38.64,10,Amex,Amex,38.64,trn:tesco:uid:uuid:d3145f0e-4538-4446-882a-faceb43ae79c,a4905a90-0ae0-4cf1-8920-e308845da937
2023-02-18 13:21:53.424,IN_STORE,NA,6.05,,6.05,2,Amex,Amex,6.05,trn:tesco:uid:uuid:d3145f0e-4538-4446-882a-faceb43ae79c,a4905a90-0ae0-4cf1-8920-e308845da937
2024-09-30 12:49:01.434,IN_STORE,NA,15.99,,15.99,10,AMERICAN EXPRESS,AMERICAN EXPRESS,15.99,trn:tesco:uid:uuid:d3145f0e-4538-4446-882a-faceb43ae79c,a4905a90-0ae0-4cf1-8920-e308845da937
2022-05-25 11:14:26.144,IN_STORE,NA,12.83,1.7,9.28,7,MastercardDebit,MastercardDebit,9.28,trn:tesco:uid:uuid:d3145f0e-4538-4446-882a-faceb43ae79c,a4905a90-0ae0-4cf1-8920-e308845da937
2024-01-02 13:32:46.294,IN_STORE,NA,3.95,,3.95,3,Amex,Amex,3.95,trn:tesco:uid:uuid:d3145f0e-4538-4446-882a-faceb43ae79c,a4905a90-0ae0-4cf1-8920-e308845da937
2022-11-07 17:48:32.910,IN_STORE,NA,39.87,7.65,39.87,9,MastercardDebit,MastercardDebit,39.87,trn:tesco:uid:uuid:d3145f0e-4538-4446-882a-faceb43ae79c,a4905a90-0ae0-4cf1-8920-e308845da937
2024-06-11 13:56:15.931,IN_STORE,NA,1.9,,1.9,1,AMERICAN EXPRESS,AMERICAN EXPRESS,1.9,trn:tesco:uid:uuid:d3145f0e-4538-4446-882a-faceb43ae79c,a4905a90-0ae0-4cf1-8920-e308845da937
2023-09-13 19:04:16.867,IN_STORE,NA,5.48,,5.48,3,Amex,Amex,5.48,trn:tesco:uid:uuid:d3145f0e-4538-4446-882a-faceb43ae79c,a4905a90-0ae0-4cf1-8920-e308845da937
2024-07-05 13:29:28.711,IN_STORE,NA,33.11,0.8,33.11,25,AMERICAN EXPRESS,AMERICAN EXPRESS,33.11,trn:tesco:uid:uuid:d3145f0e-4538-4446-882a-faceb43ae79c,a4905a90-0ae0-4cf1-8920-e308845da937
2024-07-26 20:41:32.905,IN_STORE,NA,1.6,1.65,1.6,1,AMERICAN EXPRESS,AMERICAN EXPRESS,1.6,trn:tesco:uid:uuid:d3145f0e-4538-4446-882a-faceb43ae79c,a4905a90-0ae0-4cf1-8920-e308845da937
2024-11-29 15:59:12.235,IN_STORE,NA,27.33,4.0,27.33,10,AMERICAN EXPRESS,AMERICAN EXPRESS,27.33,trn:tesco:uid:uuid:d3145f0e-4538-4446-882a-faceb43ae79c,a4905a90-0ae0-4cf1-8920-e308845da937
2023-11-07 12:49:02.204,IN_STORE,NA,3.4,1.8,3.4,3,Amex,Amex,3.4,trn:tesco:uid:uuid:d3145f0e-4538-4446-882a-faceb43ae79c,a4905a90-0ae0-4cf1-8920-e308845da937
2023-04-14 14:17:26.500,IN_STORE,NA,48.22,3.75,48.22,37,Amex,Amex,48.22,trn:tesco:uid:uuid:d3145f0e-4538-4446-882a-faceb43ae79c,a4905a90-0ae0-4cf1-8920-e308845da937
2024-07-03 11:38:13.147,IN_STORE,NA,3.4,1.9,3.4,3,AMERICAN EXPRESS,AMERICAN EXPRESS,3.4,trn:tesco:uid:uuid:d3145f0e-4538-4446-882a-faceb43ae79c,a4905a90-0ae0-4cf1-8920-e308845da937
2024-07-15 20:23:12.332,IN_STORE,NA,5.0,0.4,5.0,4,AMERICAN EXPRESS,AMERICAN EXPRESS,5.0,trn:tesco:uid:uuid:d3145f0e-4538-4446-882a-faceb43ae79c,a4905a90-0ae0-4cf1-8920-e308845da937
2021-11-30 21:38:42.666,IN_STORE,NA,5.2,,5.2,11,MastercardDebit,MastercardDebit,5.2,trn:tesco:uid:uuid:d3145f0e-4538-4446-882a-faceb43ae79c,a4905a90-0ae0-4cf1-8920-e308845da937
2023-09-03 18:45:14.114,IN_STORE,NA,17.55,1.75,17.55,11,Amex,Amex,17.55,trn:tesco:uid:uuid:d3145f0e-4538-4446-882a-faceb43ae79c,a4905a90-0ae0-4cf1-8920-e308845da937
2021-10-13 17:43:15.296,IN_STORE,NA,33.05,,27.27,26,MastercardDebit,MastercardDebit,27.27,trn:tesco:uid:uuid:d3145f0e-4538-4446-882a-faceb43ae79c,a4905a90-0ae0-4cf1-8920-e308845da937
2022-06-02 19:26:05.148,IN_STORE,NA,1.2,,1.2,1,MastercardDebit,MastercardDebit,1.2,trn:tesco:uid:uuid:d3145f0e-4538-4446-882a-faceb43ae79c,a4905a90-0ae0-4cf1-8920-e308845da937
2023-09-04 08:32:27.224,IN_STORE,NA,1.1,,1.1,1,Amex,Amex,1.1,trn:tesco:uid:uuid:d3145f0e-4538-4446-882a-faceb43ae79c,a4905a90-0ae0-4cf1-8920-e308845da937
2022-06-12 15:56:11.271,IN_STORE,NA,13.35,0.8,10.21,7,MastercardDebit,MastercardDebit,10.21,trn:tesco:uid:uuid:d3145f0e-4538-4446-882a-faceb43ae79c,a4905a90-0ae0-4cf1-8920-e308845da937
2022-02-04 19:07:54.612,IN_STORE,NA,15.5,0.25,13.32,17,MastercardDebit,MastercardDebit,13.32,trn:tesco:uid:uuid:d3145f0e-4538-4446-882a-faceb43ae79c,a4905a90-0ae0-4cf1-8920-e308845da937
2024-07-24 12:55:46.025,IN_STORE,NA,5.33,1.8,5.33,4,AMERICAN EXPRESS,AMERICAN EXPRESS,5.33,trn:tesco:uid:uuid:d3145f0e-4538-4446-882a-faceb43ae79c,a4905a90-0ae0-4cf1-8920-e308845da937
2022-04-15 14:24:01.786,IN_STORE,NA,22.35,1.35,18.75,16,MastercardDebit,MastercardDebit,18.75,trn:tesco:uid:uuid:d3145f0e-4538-4446-882a-faceb43ae79c,a4905a90-0ae0-4cf1-8920-e308845da937
2023-11-01 12:46:35.920,IN_STORE,NA,4.5,2.45,4.5,4,Amex,Amex,4.5,trn:tesco:uid:uuid:d3145f0e-4538-4446-882a-faceb43ae79c,a4905a90-0ae0-4cf1-8920-e308845da937
2021-11-02 16:49:44.359,IN_STORE,NA,27.15,2.5,21.1,18,MastercardDebit,MastercardDebit,21.1,trn:tesco:uid:uuid:d3145f0e-4538-4446-882a-faceb43ae79c,a4905a90-0ae0-4cf1-8920-e308845da937
2021-07-29 13:39:31.670,IN_STORE,NA,6.5,3.5,3.0,3,MastercardDebit,MastercardDebit,3.0,trn:tesco:uid:uuid:d3145f0e-4538-4446-882a-faceb43ae79c,a4905a90-0ae0-4cf1-8920-e308845da937
2024-09-29 15:07:00.662,IN_STORE,NA,7.67,,7.67,12,AMERICAN EXPRESS,AMERICAN EXPRESS,7.67,trn:tesco:uid:uuid:d3145f0e-4538-4446-882a-faceb43ae79c,a4905a90-0ae0-4cf1-8920-e308845da937
2022-01-29 17:18:28.498,IN_STORE,NA,4.24,0.74,3.5,5,MastercardDebit,MastercardDebit,3.5,trn:tesco:uid:uuid:d3145f0e-4538-4446-882a-faceb43ae79c,a4905a90-0ae0-4cf1-8920-e308845da937
2023-02-19 13:27:48.310,IN_STORE,NA,21.7,0.75,21.7,6,Amex,Amex,21.7,trn:tesco:uid:uuid:d3145f0e-4538-4446-882a-faceb43ae79c,a4905a90-0ae0-4cf1-8920-e308845da937
2021-11-05 17:09:53.998,IN_STORE,NA,4.7,,3.15,3,MastercardDebit,MastercardDebit,3.15,trn:tesco:uid:uuid:d3145f0e-4538-4446-882a-faceb43ae79c,a4905a90-0ae0-4cf1-8920-e308845da937
2023-09-18 13:15:06.081,IN_STORE,NA,24.93,0.75,24.93,13,Amex,Amex,24.93,trn:tesco:uid:uuid:d3145f0e-4538-4446-882a-faceb43ae79c,a4905a90-0ae0-4cf1-8920-e308845da937
2021-07-17 21:39:52.721,IN_STORE,NA,13.71,2.0,11.71,10,MastercardDebit,MastercardDebit,11.71,trn:tesco:uid:uuid:d3145f0e-4538-4446-882a-faceb43ae79c,a4905a90-0ae0-4cf1-8920-e308845da937
2023-05-17 14:02:39.339,IN_STORE,NA,47.51,0.96,47.51,38,Amex,Amex,47.51,trn:tesco:uid:uuid:d3145f0e-4538-4446-882a-faceb43ae79c,a4905a90-0ae0-4cf1-8920-e308845da937
2023-08-14 10:06:51.520,IN_STORE,NA,8.81,4.54,8.81,8,Amex,Amex,8.81,trn:tesco:uid:uuid:d3145f0e-4538-4446-882a-faceb43ae79c,a4905a90-0ae0-4cf1-8920-e308845da937
2024-01-13 17:58:18.426,IN_STORE,NA,7.75,,7.75,2,Amex,Amex,7.75,trn:tesco:uid:uuid:d3145f0e-4538-4446-882a-faceb43ae79c,a4905a90-0ae0-4cf1-8920-e308845da937
2024-01-17 20:30:02.859,IN_STORE,NA,4.65,,4.65,4,Amex,Amex,4.65,trn:tesco:uid:uuid:d3145f0e-4538-4446-882a-faceb43ae79c,a4905a90-0ae0-4cf1-8920-e308845da937
2024-01-26 21:04:04.307,IN_STORE,NA,4.05,0.9,4.05,2,Amex,Amex,4.05,trn:tesco:uid:uuid:d3145f0e-4538-4446-882a-faceb43ae79c,a4905a90-0ae0-4cf1-8920-e308845da937
2023-10-19 19:21:01.674,IN_STORE,NA,5.37,,5.37,11,Amex,Amex,5.37,trn:tesco:uid:uuid:d3145f0e-4538-4446-882a-faceb43ae79c,a4905a90-0ae0-4cf1-8920-e308845da937
2024-10-21 17:37:09.286,IN_STORE,NA,3.5,,3.5,1,AMERICAN EXPRESS,AMERICAN EXPRESS,3.5,trn:tesco:uid:uuid:d3145f0e-4538-4446-882a-faceb43ae79c,a4905a90-0ae0-4cf1-8920-e308845da937
2024-12-12 12:37:26.179,IN_STORE,NA,3.6,2.8,3.6,3,AMERICAN EXPRESS,AMERICAN EXPRESS,3.6,trn:tesco:uid:uuid:d3145f0e-4538-4446-882a-faceb43ae79c,a4905a90-0ae0-4cf1-8920-e308845da937
2024-12-31 15:06:32.028,IN_STORE,NA,8.25,1.95,8.25,7,AMERICAN EXPRESS,AMERICAN EXPRESS,8.25,trn:tesco:uid:uuid:d3145f0e-4538-4446-882a-faceb43ae79c,a4905a90-0ae0-4cf1-8920-e308845da937
2024-06-13 13:11:36.034,IN_STORE,NA,3.4,2.05,3.4,3,AMERICAN EXPRESS,AMERICAN EXPRESS,3.4,trn:tesco:uid:uuid:d3145f0e-4538-4446-882a-faceb43ae79c,a4905a90-0ae0-4cf1-8920-e308845da937
2024-04-17 12:16:42.744,IN_STORE,NA,4.85,2.05,4.85,4,Amex,Amex,4.85,trn:tesco:uid:uuid:d3145f0e-4538-4446-882a-faceb43ae79c,a4905a90-0ae0-4cf1-8920-e308845da937
2021-10-11 13:17:21.221,IN_STORE,NA,2.1,,2.1,1,MastercardDebit,MastercardDebit,2.1,trn:tesco:uid:uuid:d3145f0e-4538-4446-882a-faceb43ae79c,a4905a90-0ae0-4cf1-8920-e308845da937
2023-06-19 10:59:58.369,IN_STORE,NA,15.21,,15.21,1,Amex,Amex,15.21,trn:tesco:uid:uuid:d3145f0e-4538-4446-882a-faceb43ae79c,a4905a90-0ae0-4cf1-8920-e308845da937
2021-08-06 19:52:33.221,IN_STORE,NA,32.35,2.0,30.35,4,MastercardDebit,MastercardDebit,30.35,trn:tesco:uid:uuid:d3145f0e-4538-4446-882a-faceb43ae79c,a4905a90-0ae0-4cf1-8920-e308845da937
2022-07-10 16:34:40.889,IN_STORE,NA,55.22,,55.22,1,MastercardDebit,MastercardDebit,55.22,trn:tesco:uid:uuid:d3145f0e-4538-4446-882a-faceb43ae79c,a4905a90-0ae0-4cf1-8920-e308845da937
2024-03-04 18:23:42.731,IN_STORE,NA,14.72,1.1,14.72,18,Amex,Amex,14.72,trn:tesco:uid:uuid:d3145f0e-4538-4446-882a-faceb43ae79c,a4905a90-0ae0-4cf1-8920-e308845da937
2025-01-28 18:03:52.802,IN_STORE,NA,21.01,0.55,21.01,19,AMERICAN EXPRESS,AMERICAN EXPRESS,21.01,trn:tesco:uid:uuid:d3145f0e-4538-4446-882a-faceb43ae79c,a4905a90-0ae0-4cf1-8920-e308845da937
2024-12-10 13:22:59.344,GHS,NA,64.4,19.95,64.4,34,Amex,Amex,64.4,trn:tesco:uid:uuid:d3145f0e-4538-4446-882a-faceb43ae79c,a4905a90-0ae0-4cf1-8920-e308845da937
2022-06-11 14:10:33.160,IN_STORE,NA,7.4,,7.4,2,MastercardDebit,MastercardDebit,7.4,trn:tesco:uid:uuid:d3145f0e-4538-4446-882a-faceb43ae79c,a4905a90-0ae0-4cf1-8920-e308845da937
2022-03-14 15:50:34.932,IN_STORE,NA,23.65,1.45,20.32,26,MastercardDebit,MastercardDebit,20.32,trn:tesco:uid:uuid:d3145f0e-4538-4446-882a-faceb43ae79c,a4905a90-0ae0-4cf1-8920-e308845da937
2023-03-05 22:40:10.773,IN_STORE,NA,5.4,,5.4,4,MastercardDebit,MastercardDebit,5.4,trn:tesco:uid:uuid:d3145f0e-4538-4446-882a-faceb43ae79c,a4905a90-0ae0-4cf1-8920-e308845da937
2022-08-08 19:09:32.871,IN_STORE,NA,37.98,,37.98,1,MastercardDebit,MastercardDebit,37.98,trn:tesco:uid:uuid:d3145f0e-4538-4446-882a-faceb43ae79c,a4905a90-0ae0-4cf1-8920-e308845da937
2024-06-05 20:19:07.571,IN_STORE,NA,13.75,1.25,13.75,10,AMERICAN EXPRESS,AMERICAN EXPRESS,13.75,trn:tesco:uid:uuid:d3145f0e-4538-4446-882a-faceb43ae79c,a4905a90-0ae0-4cf1-8920-e308845da937
2024-02-11 13:54:30.894,IN_STORE,NA,1.52,,1.52,2,Amex,Amex,1.52,trn:tesco:uid:uuid:d3145f0e-4538-4446-882a-faceb43ae79c,a4905a90-0ae0-4cf1-8920-e308845da937
2023-09-03 12:43:31.902,IN_STORE,NA,39.22,0.9,39.22,26,Amex,Amex,39.22,trn:tesco:uid:uuid:d3145f0e-4538-4446-882a-faceb43ae79c,a4905a90-0ae0-4cf1-8920-e308845da937
2023-04-27 21:35:45.251,IN_STORE,NA,2.5,,2.5,1,Amex,Amex,2.5,trn:tesco:uid:uuid:d3145f0e-4538-4446-882a-faceb43ae79c,a4905a90-0ae0-4cf1-8920-e308845da937
2022-07-03 12:04:21.742,IN_STORE,NA,2.3,,2.3,2,MastercardDebit,MastercardDebit,2.3,trn:tesco:uid:uuid:d3145f0e-4538-4446-882a-faceb43ae79c,a4905a90-0ae0-4cf1-8920-e308845da937
2022-12-11 16:37:14.700,IN_STORE,NA,56.21,,56.21,1,Amex,Amex,56.21,trn:tesco:uid:uuid:d3145f0e-4538-4446-882a-faceb43ae79c,a4905a90-0ae0-4cf1-8920-e308845da937
2024-02-28 13:30:04.604,IN_STORE,NA,3.4,2.4,3.4,3,Amex,Amex,3.4,trn:tesco:uid:uuid:d3145f0e-4538-4446-882a-faceb43ae79c,a4905a90-0ae0-4cf1-8920-e308845da937
2023-01-06 13:10:17.199,IN_STORE,NA,3.84,0.9,3.84,4,Amex,Amex,3.84,trn:tesco:uid:uuid:d3145f0e-4538-4446-882a-faceb43ae79c,a4905a90-0ae0-4cf1-8920-e308845da937
2023-11-06 19:08:17.486,IN_STORE,NA,8.93,,8.93,7,Amex,Amex,8.93,trn:tesco:uid:uuid:d3145f0e-4538-4446-882a-faceb43ae79c,a4905a90-0ae0-4cf1-8920-e308845da937
2024-01-14 17:38:37.240,IN_STORE,NA,1.1,,1.1,2,Amex,Amex,1.1,trn:tesco:uid:uuid:d3145f0e-4538-4446-882a-faceb43ae79c,a4905a90-0ae0-4cf1-8920-e308845da937
2024-06-10 17:36:55.141,IN_STORE,NA,2.88,,2.88,4,AMERICAN EXPRESS,AMERICAN EXPRESS,2.88,trn:tesco:uid:uuid:d3145f0e-4538-4446-882a-faceb43ae79c,a4905a90-0ae0-4cf1-8920-e308845da937
2024-01-13 15:07:56.480,IN_STORE,NA,9.36,,9.36,5,Amex,Amex,9.36,trn:tesco:uid:uuid:d3145f0e-4538-4446-882a-faceb43ae79c,a4905a90-0ae0-4cf1-8920-e308845da937
2022-06-14 15:45:23.152,IN_STORE,NA,16.82,0.35,16.82,25,MastercardDebit,MastercardDebit,16.82,trn:tesco:uid:uuid:d3145f0e-4538-4446-882a-faceb43ae79c,a4905a90-0ae0-4cf1-8920-e308845da937
2023-07-31 18:55:34.882,IN_STORE,NA,6.7,2.5,6.7,6,Amex,Amex,6.7,trn:tesco:uid:uuid:d3145f0e-4538-4446-882a-faceb43ae79c,a4905a90-0ae0-4cf1-8920-e308845da937
2022-01-28 18:01:11.578,IN_STORE,NA,8.03,1.0,7.03,8,MastercardDebit,MastercardDebit,7.03,trn:tesco:uid:uuid:d3145f0e-4538-4446-882a-faceb43ae79c,a4905a90-0ae0-4cf1-8920-e308845da937
2023-07-01 20:48:09.893,IN_STORE,NA,3.75,1.25,3.75,1,Amex,Amex,3.75,trn:tesco:uid:uuid:d3145f0e-4538-4446-882a-faceb43ae79c,a4905a90-0ae0-4cf1-8920-e308845da937
2024-09-02 12:41:25.051,IN_STORE,NA,4.37,1.05,4.37,4,AMERICAN EXPRESS,AMERICAN EXPRESS,4.37,trn:tesco:uid:uuid:d3145f0e-4538-4446-882a-faceb43ae79c,a4905a90-0ae0-4cf1-8920-e308845da937
2022-03-26 16:27:40.183,IN_STORE,NA,5.0,0.5,4.5,1,MastercardDebit,MastercardDebit,4.5,trn:tesco:uid:uuid:d3145f0e-4538-4446-882a-faceb43ae79c,a4905a90-0ae0-4cf1-8920-e308845da937
2023-12-09 16:57:01.878,IN_STORE,NA,6.65,0.75,6.65,4,Amex,Amex,6.65,trn:tesco:uid:uuid:d3145f0e-4538-4446-882a-faceb43ae79c,a4905a90-0ae0-4cf1-8920-e308845da937
2022-10-28 17:59:08.561,IN_STORE,NA,30.33,,30.33,1,VisaCredit,VisaCredit,30.33,trn:tesco:uid:uuid:d3145f0e-4538-4446-882a-faceb43ae79c,a4905a90-0ae0-4cf1-8920-e308845da937
2021-11-06 19:14:03.263,IN_STORE,NA,6.0,,3.75,2,MastercardDebit,MastercardDebit,3.75,trn:tesco:uid:uuid:d3145f0e-4538-4446-882a-faceb43ae79c,a4905a90-0ae0-4cf1-8920-e308845da937
2023-12-15 12:32:17.283,IN_STORE,NA,3.4,3.05,3.4,3,Amex,Amex,3.4,trn:tesco:uid:uuid:d3145f0e-4538-4446-882a-faceb43ae79c,a4905a90-0ae0-4cf1-8920-e308845da937
2025-03-03 09:15:32.991,IN_STORE,NA,3.6,1.85,3.6,3,AMERICAN EXPRESS,AMERICAN EXPRESS,3.6,trn:tesco:uid:uuid:d3145f0e-4538-4446-882a-faceb43ae79c,a4905a90-0ae0-4cf1-8920-e308845da937
2024-06-16 15:18:21.204,IN_STORE,NA,9.98,0.55,9.98,9,AMERICAN EXPRESS,AMERICAN EXPRESS,9.98,trn:tesco:uid:uuid:d3145f0e-4538-4446-882a-faceb43ae79c,a4905a90-0ae0-4cf1-8920-e308845da937
2024-09-20 13:16:51.022,IN_STORE,NA,5.02,,5.02,3,AMERICAN EXPRESS,AMERICAN EXPRESS,5.02,trn:tesco:uid:uuid:d3145f0e-4538-4446-882a-faceb43ae79c,a4905a90-0ae0-4cf1-8920-e308845da937
2021-07-19 13:10:50.601,IN_STORE,NA,5.35,1.5,3.85,4,VisaCredit,VisaCredit,3.85,trn:tesco:uid:uuid:d3145f0e-4538-4446-882a-faceb43ae79c,a4905a90-0ae0-4cf1-8920-e308845da937
2023-10-19 18:59:52.477,IN_STORE,NA,1.94,,1.94,1,Amex,Amex,1.94,trn:tesco:uid:uuid:d3145f0e-4538-4446-882a-faceb43ae79c,a4905a90-0ae0-4cf1-8920-e308845da937
2022-12-27 16:41:40.312,IN_STORE,NA,10.8,2.5,10.8,4,Amex,Amex,10.8,trn:tesco:uid:uuid:d3145f0e-4538-4446-882a-faceb43ae79c,a4905a90-0ae0-4cf1-8920-e308845da937
2025-01-25 10:44:33.138,IN_STORE,NA,1.34,,1.34,3,AMERICAN EXPRESS,AMERICAN EXPRESS,1.34,trn:tesco:uid:uuid:d3145f0e-4538-4446-882a-faceb43ae79c,a4905a90-0ae0-4cf1-8920-e308845da937
2024-07-11 20:16:37.719,IN_STORE,NA,15.88,,15.88,5,AMERICAN EXPRESS,AMERICAN EXPRESS,15.88,trn:tesco:uid:uuid:d3145f0e-4538-4446-882a-faceb43ae79c,a4905a90-0ae0-4cf1-8920-e308845da937
2025-02-10 18:30:21.321,IN_STORE,NA,27.45,6.45,27.45,14,AMERICAN EXPRESS,AMERICAN EXPRESS,27.45,trn:tesco:uid:uuid:d3145f0e-4538-4446-882a-faceb43ae79c,a4905a90-0ae0-4cf1-8920-e308845da937
2024-04-25 11:53:28.614,IN_STORE,NA,4.15,2.25,4.15,4,Amex,Amex,4.15,trn:tesco:uid:uuid:d3145f0e-4538-4446-882a-faceb43ae79c,a4905a90-0ae0-4cf1-8920-e308845da937
2024-02-04 19:54:05.155,IN_STORE,NA,15.15,1.2,15.15,7,Amex,Amex,15.15,trn:tesco:uid:uuid:d3145f0e-4538-4446-882a-faceb43ae79c,a4905a90-0ae0-4cf1-8920-e308845da937
2024-04-12 13:26:29.118,IN_STORE,NA,4.0,,4.0,1,Amex,Amex,4.0,trn:tesco:uid:uuid:d3145f0e-4538-4446-882a-faceb43ae79c,a4905a90-0ae0-4cf1-8920-e308845da937
2021-07-15 18:29:00.369,IN_STORE,NA,42.09,,42.09,1,MastercardDebit,MastercardDebit,42.09,trn:tesco:uid:uuid:d3145f0e-4538-4446-882a-faceb43ae79c,a4905a90-0ae0-4cf1-8920-e308845da937
2023-10-21 14:27:51.369,IN_STORE,NA,13.38,,13.38,9,Amex,Amex,13.38,trn:tesco:uid:uuid:d3145f0e-4538-4446-882a-faceb43ae79c,a4905a90-0ae0-4cf1-8920-e308845da937
2023-04-21 15:05:19.299,IN_STORE,NA,1.55,,1.55,1,Amex,Amex,1.55,trn:tesco:uid:uuid:d3145f0e-4538-4446-882a-faceb43ae79c,a4905a90-0ae0-4cf1-8920-e308845da937
2023-04-22 11:45:10.513,IN_STORE,NA,3.4,1.95,3.4,3,Amex,Amex,3.4,trn:tesco:uid:uuid:d3145f0e-4538-4446-882a-faceb43ae79c,a4905a90-0ae0-4cf1-8920-e308845da937
2022-01-16 14:27:38.342,IN_STORE,NA,5.0,,2.2,1,MastercardDebit,MastercardDebit,2.2,trn:tesco:uid:uuid:d3145f0e-4538-4446-882a-faceb43ae79c,a4905a90-0ae0-4cf1-8920-e308845da937
2024-11-29 21:21:24.136,IN_STORE,NA,7.05,2.4,7.05,3,AMERICAN EXPRESS,AMERICAN EXPRESS,7.05,trn:tesco:uid:uuid:d3145f0e-4538-4446-882a-faceb43ae79c,a4905a90-0ae0-4cf1-8920-e308845da937
2022-07-29 12:10:31.401,IN_STORE,NA,0.57,,0.57,1,MastercardDebit,MastercardDebit,0.57,trn:tesco:uid:uuid:d3145f0e-4538-4446-882a-faceb43ae79c,a4905a90-0ae0-4cf1-8920-e308845da937
2024-09-08 18:32:26.672,IN_STORE,NA,7.25,,7.25,6,AMERICAN EXPRESS,AMERICAN EXPRESS,7.25,trn:tesco:uid:uuid:d3145f0e-4538-4446-882a-faceb43ae79c,a4905a90-0ae0-4cf1-8920-e308845da937
2021-10-09 13:11:57.119,IN_STORE,NA,8.59,0.59,8.0,4,MastercardDebit,MastercardDebit,8.0,trn:tesco:uid:uuid:d3145f0e-4538-4446-882a-faceb43ae79c,a4905a90-0ae0-4cf1-8920-e308845da937
2024-08-27 13:51:20.296,IN_STORE,NA,13.0,0.8,13.0,17,AMERICAN EXPRESS,AMERICAN EXPRESS,13.0,trn:tesco:uid:uuid:d3145f0e-4538-4446-882a-faceb43ae79c,a4905a90-0ae0-4cf1-8920-e308845da937
2021-12-31 11:38:43.054,IN_STORE,NA,40.04,,40.04,1,MastercardDebit,MastercardDebit,40.04,trn:tesco:uid:uuid:d3145f0e-4538-4446-882a-faceb43ae79c,a4905a90-0ae0-4cf1-8920-e308845da937
2021-10-29 20:15:19.976,IN_STORE,NA,3.48,,3.48,3,MastercardDebit,MastercardDebit,3.48,trn:tesco:uid:uuid:d3145f0e-4538-4446-882a-faceb43ae79c,a4905a90-0ae0-4cf1-8920-e308845da937
2024-09-26 13:04:40.317,IN_STORE,NA,3.6,2.25,3.6,3,AMERICAN EXPRESS,AMERICAN EXPRESS,3.6,trn:tesco:uid:uuid:d3145f0e-4538-4446-882a-faceb43ae79c,a4905a90-0ae0-4cf1-8920-e308845da937
2024-01-22 12:26:33.803,IN_STORE,NA,17.34,0.3,17.34,18,Amex,Amex,17.34,trn:tesco:uid:uuid:d3145f0e-4538-4446-882a-faceb43ae79c,a4905a90-0ae0-4cf1-8920-e308845da937
2023-11-10 19:33:42.768,IN_STORE,NA,10.05,,10.05,9,Amex,Amex,10.05,trn:tesco:uid:uuid:d3145f0e-4538-4446-882a-faceb43ae79c,a4905a90-0ae0-4cf1-8920-e308845da937
2023-12-03 17:36:28.281,IN_STORE,NA,11.67,0.45,11.67,5,Amex,Amex,11.67,trn:tesco:uid:uuid:d3145f0e-4538-4446-882a-faceb43ae79c,a4905a90-0ae0-4cf1-8920-e308845da937
